idStudent,fname,lname,email,password,voted
10267,Stormy,Crewe,screwe2a@cdbaby.com,o1QUu2bwPut,1
12659,Malia,Jambrozek,mjambrozekx@lulu.com,FOsCMPG5T,0
14113,Dorisa,Penner,dpennero@sohu.com,qJ17TdU0,1
14497,Henry,Caghy,hcaghy22@t.co,kGoRgd3,1
15165,Sonja,Solleme,ssolleme1z@woothemes.com,JQIWel,0
15560,Paolo,Toynbee,ptoynbee27@goodreads.com,1zjnARR9,1
16820,Clifford,Doore,cdoore2d@e-recht24.de,Jb03w7,1
17218,Katharine,"De Witt",kdewitt2i@istockphoto.com,sYwwV5UUSsOR,0
18579,Flori,Waind,fwainda@about.com,NIWbYj,0
22222,Peter,Liu,peter@seneca.ca,abc123,0
22656,Mikol,McMeanma,mmcmeanma6@facebook.com,rlBnicncE,0
22765,Kane,MacShirie,kmacshirie1e@businessweek.com,YJjOZ0,1
22796,Trish,Milmore,tmilmore15@examiner.com,Ld0y3GY,0
23767,Ermanno,Geindre,egeindre2o@independent.co.uk,AKmhYQVJ,1
24500,Bernadene,Touhig,btouhigb@dedecms.com,Rw20cEXJLE,1
25569,Killian,Flaherty,kflaherty13@cmu.edu,Q2QqA5tE1,1
25974,Ransell,Schonfelder,rschonfelder1u@pagesperso-orange.fr,pEWK20UU,1
26213,Sarina,Dunstan,sdunstan1m@bbc.co.uk,TPvCa6MHg1n,1
26779,Ozzy,Ludlem,oludlem0@etsy.com,xJun3y7,1
27304,Kaitlynn,Frankcombe,kfrankcombe2e@google.co.uk,tqf4xAsOhLsW,0
29872,Justen,Filyashin,jfilyashin16@ovh.net,JqxkAopgd,1
30493,Faulkner,O'Neal,foneal3@simplemachines.org,2KKkEri,1
31203,Dylan,Dumbreck,ddumbrecku@imgur.com,OX0ma5eh,1
31715,Beverlie,Plitz,bplitz1k@joomla.org,KSNnu5Sl,1
33228,Maximilian,Gurko,mgurko2m@tamu.edu,PvkKuEk,0
34399,Philippine,Pryer,ppryerp@businessinsider.com,Fb6GABadPy7,0
34415,Rafaelita,Natte,rnatte9@linkedin.com,el1oxC,0
34916,Thomasa,Stapleton,tstapletonm@apache.org,drV9VuZQVvr,1
35324,Toni,Costa,tcosta1@weebly.com,tFU2Cz9hLOhQ,1
35928,Benjamin,Greenrod,bgreenrod11@japanpost.jp,iqro24urFara,1
36008,Shelli,Revan,srevan8@ning.com,Ia0rew,0
36360,Christopher,Akhurst,cakhurst1b@ihg.com,OxkLbQxo,1
38990,Gweneth,Turfitt,gturfitts@un.org,mwwNwauCo,1
39717,Talia,Gulk,tgulk25@illinois.edu,I60Wi7M,1
40520,Andie,Abriani,aabriani12@sbwire.com,ys1awtJ,0
42277,Sayre,Brimley,sbrimley1v@house.gov,nB92Miyd,1
42755,Deb,Loukes,dloukesk@homestead.com,qCydJ08M,0
44041,Leopold,Lancashire,llancashirel@independent.co.uk,xBTN1F6cMS,1
45744,Carola,Iacobucci,ciacobucci1w@reuters.com,e1gaQ3dwV,1
46790,Constancy,Tattersill,ctattersill1y@list-manage.com,0HnL5fYY7k,0
47962,Martino,Auchterlonie,mauchterloniec@bigcartel.com,JskZJEn9D,0
48294,Baxy,Braben,bbraben1l@arstechnica.com,TcEGZZhC,1
48545,Halsy,Ellams,hellams28@japanpost.jp,UItSsjZ4LA,1
48660,Briny,Serrell,bserrell14@bing.com,RpdIPsRf9D,1
49135,Norbie,Whiteley,nwhiteley2h@lulu.com,FoRdDMwQck,0
49212,Roobbie,Sives,rsives2l@cbslocal.com,xy39Cr22T89y,1
49321,Faith,Knightsbridge,fknightsbridge1d@instagram.com,1SZafJVkE,0
52458,Harriett,Kingsford,hkingsfordd@imgur.com,648Dj7ZItN,0
53069,Phebe,Magnay,pmagnay2g@cnbc.com,X0yvggd5,0
53073,Siouxie,Tumasian,stumasian1n@si.edu,4LGly3NkElK,1
53520,Denise,Graeme,dgraeme1q@thetimes.co.uk,PFToOWRWE,0
56721,Valerye,Bramhall,vbramhall2b@springer.com,O9779UO9,1
56770,Clayton,Woodley,cwoodleyv@angelfire.com,Eg8QKnA,1
57151,Donaugh,Touson,dtouson2q@newsvine.com,dAfWDbAC67hb,0
57299,Mufinella,McCarrell,mmccarrell2c@zimbio.com,cfT8I1t,1
57335,Yasmin,Pestell,ypestell10@livejournal.com,VVBJBLn,0
59694,Aryn,Barnard,abarnard1s@facebook.com,d6CWdxikyvL,1
60643,Aurie,Ginn,aginn2p@bloglines.com,b4HmfmFOg,1
61435,Dwayne,Ghilardini,dghilardini2r@un.org,PadfNc,0
61992,Milissent,Schuler,mschuler2f@nationalgeographic.com,Yx0j3JnUit,0
62232,Ximenes,Conechie,xconechie1a@harvard.edu,PPJt2z3,1
62333,Nichole,Cathee,ncathee2k@taobao.com,XI0bkZC4,1
62616,Aurthur,Antoshin,aantoshin1c@netscape.com,F54VsfPMfZf,1
62679,Dave,Castellani,dcastellani20@narod.ru,BBalWQ,0
65017,Marielle,Rigby,mrigbyz@soundcloud.com,WdMzzDJQgYD,1
65582,Nefen,MacArdle,nmacardley@ow.ly,RhyKjiT,0
65694,Robbie,Rabley,rrabley21@sohu.com,IE5ajDZT2O,0
65781,Muffin,Hayhoe,mhayhoe1i@ted.com,85VeyRFwf2lx,0
65957,Ichabod,Munns,imunnsg@github.com,0q95rPb4x,0
66048,Pollyanna,Halbard,phalbardh@techcrunch.com,ystKzyI,0
67504,Cyb,Stayt,cstayt1f@soundcloud.com,Xxkqs45VW6F,1
67602,Donetta,Slemming,dslemmingf@linkedin.com,xNGsngbN,0
67727,Keane,Bourley,kbourley1g@addthis.com,HIfooc1r8nLj,1
67752,Ariella,Yegorev,ayegorev1j@dion.ne.jp,9VNdLcjelJdQ,0
69032,Giacinta,Waghorne,gwaghorne5@harvard.edu,X35vpl3pZu,1
70005,Massimo,Gamet,mgamet4@cnbc.com,eckFaQ90qG9,1
70892,Henderson,Welldrake,hwelldraker@utexas.edu,q1yWSQAGfi,0
71177,Allyce,Juste,ajuste1h@china.com.cn,xZ6fcIETJSIy,0
71703,Koressa,McCreagh,kmccreagh1r@wikimedia.org,RpDJfA,1
74849,Frayda,Penniall,fpenniall24@eventbrite.com,UBrjK8P,1
75608,Andres,Klemke,aklemke23@posterous.com,yXUPquakF,0
77009,Bethina,Strother,bstrother1p@odnoklassniki.ru,spxdyY,0
77240,Benedicto,Bromwich,bbromwiche@trellian.com,DYOXvoRyDet,1
78247,Shae,Halsall,shalsall29@sohu.com,Ljul0B3etBk,1
78666,Donavon,Watkiss,dwatkiss17@lycos.com,4OmtFnqKWjrE,0
80936,Ranna,Lympenie,rlympenie19@last.fm,Azg6vIGom,0
81464,Averil,Neville,anevillei@parallels.com,63U2dYX,0
81848,Filippo,Jencken,fjencken1t@globo.com,jdzYbgLXQwEk,0
83396,Malena,Beccero,mbeccero2j@soundcloud.com,kU5xgW7DdVn1,0
83839,Magdalena,Creebo,mcreebo2n@g.co,bZl9Jq62d2b,0
85629,Nanete,Kleinsinger,nkleinsinger7@yelp.com,tawCKvBAdQoA,1
88264,Cy,Purkins,cpurkinsq@blogspot.com,Ss1g8vLCPv,0
90285,Massimiliano,Caccavari,mcaccavari2@bluehost.com,uisgFjA4,1
91332,Mariam,Ashfull,mashfull18@dell.com,kkurvDt7,1
92365,Augustus,Cooch,acoochj@comsenz.com,DTfUAENjj,0
92800,Marcellus,Lawman,mlawmant@cnbc.com,oS7BmxmYlv,1
96845,Giff,Rohlfing,grohlfingn@gmpg.org,wR01MMNi93t,1
97485,Dalila,Jencken,djencken1o@walmart.com,xmI7g1,1
98578,Morgan,Morrid,mmorrid26@posterous.com,JU4ICsDPcJ,1
99313,Modesty,Gaitskell,mgaitskellw@yolasite.com,jnZ6YOVI,1
99732,Devonna,Frisel,dfrisel1x@constantcontact.com,Kkzslj,1
123123,r,r,r@y.ca,123,1
